smiles,m_1,p,m_2,o
CC(C)(C)c1ccc(O)c(C(C)(C)C)c1,[2H][H],[2H]C(C)(C)C,[2H][H],[2H]C(C)(C)C
C=CCc1ccc(O)c(OC)c1,[2H][H],[2H]CC=C,[2H][H],[2H]OC
COc1cc(C=C(C#N)C#N)ccc1O,[2H][H],[2H]C=C(C#N)C#N,[2H][H],[2H]OC
COc1ccc(O)cc1,[2H][H],[2H]OC,[2H][H],[2H][H]
C=CCc1c(C)cc(C)cc1O,[2H]C,[2H][H],[2H]C,[2H]CC=C
COc1ccc(O)c(C(C)(C)C)c1,[2H][H],[2H]OC,[2H][H],[2H]C(C)(C)C
CCCc1c(C)cc(C)cc1O,[2H]C,[2H][H],[2H]C,[2H]CCC
Cc1cc(O)c(C(C)(C)C)cc1Cl,[2H]C,[2H]Cl,[2H][H],[2H]C(C)(C)C
COC(=O)C(Cc1ccc(O)c(C(C)(C)C)c1)NC(=O)OC(C)(C)C,[2H][H],[2H]CC(NC(=O)OC(C)(C)C)C(=O)OC,[2H][H],[2H]C(C)(C)C
Cc1ccc(-c2ccc(O)c(C(C)(C)C)c2)cc1,[2H][H],[2H]c1ccc(C)cc1,[2H][H],[2H]C(C)(C)C
COc1cc(C)ccc1O,[2H][H],[2H]C,[2H][H],[2H]OC
COc1cc(C=O)ccc1O,[2H][H],[2H]C=O,[2H][H],[2H]OC
COc1cc(C=NO)ccc1O,[2H][H],[2H]C=NO,[2H][H],[2H]OC
COC(=O)C(Cc1ccc(O)c(C(C)(C)C)c1)NC(=O)OCc1ccccc1,[2H][H],[2H]CC(NC(=O)OCc1ccccc1)C(=O)OC,[2H][H],[2H]C(C)(C)C
CCCCc1ccc(O)cc1,[2H][H],[2H]CCCC,[2H][H],[2H][H]
Cc1cccc(-c2ccc(O)c(C(C)(C)C)c2)c1,[2H][H],[2H]c1cccc(C)c1,[2H][H],[2H]C(C)(C)C
CC(C)(c1ccccc1)c1ccc(O)c(C(C)(C)c2ccccc2)c1,[2H][H],[2H]C(C)(C)c1ccccc1,[2H][H],[2H]C(C)(C)c1ccccc1
COc1cc(C(C)=O)ccc1O,[2H][H],[2H]C(C)=O,[2H][H],[2H]OC
COc1cc(C#N)ccc1O,[2H][H],[2H]C#N,[2H][H],[2H]OC
COC(=O)c1ccc(O)c(OC)c1,[2H][H],[2H]C(=O)OC,[2H][H],[2H]OC
Cc1ccc(O)c(-n2nc3ccccc3n2)c1,[2H][H],[2H]C,[2H][H],[2H]n1nc2ccccc2n1
Cc1ccc(O)c(C)c1,[2H][H],[2H]C,[2H][H],[2H]C
CC(C)c1ccc(O)cc1,[2H][H],[2H]C(C)C,[2H][H],[2H][H]
CC(C)(C)c1cc(-c2ccccc2)ccc1O,[2H][H],[2H]c1ccccc1,[2H][H],[2H]C(C)(C)C
CC(C)(C)c1cc(-c2ccc(F)cc2)ccc1O,[2H][H],[2H]c1ccc(F)cc1,[2H][H],[2H]C(C)(C)C
CCc1ccc(O)cc1,[2H][H],[2H]CC,[2H][H],[2H][H]
COc1ccc(O)cc1C,[2H][H],[2H]OC,[2H]C,[2H][H]
CCC(C)(C)c1ccc(O)c(C(C)(C)CC)c1,[2H][H],[2H]C(C)(C)CC,[2H][H],[2H]C(C)(C)CC
CC(C)(C)c1cc(-c2ccc(C(F)(F)F)cc2)ccc1O,[2H][H],[2H]c1ccc(C(F)(F)F)cc1,[2H][H],[2H]C(C)(C)C
COc1cc(C=C(C(C)=O)C(C)=O)ccc1O,[2H][H],[2H]C=C(C(C)=O)C(C)=O,[2H][H],[2H]OC
CCCc1ccc(O)cc1,[2H][H],[2H]CCC,[2H][H],[2H][H]
C=CCc1ccc(O)cc1,[2H][H],[2H]CC=C,[2H][H],[2H][H]
Cc1ccc(C(C)(C)C)c(O)c1,[2H]C,[2H][H],[2H][H],[2H]C(C)(C)C
CCCCC(CC)Cc1ccc(O)cc1,[2H][H],[2H]CC(CC)CCCC,[2H][H],[2H][H]
Cc1ccc(O)c(C(C)(C)C)c1,[2H][H],[2H]C,[2H][H],[2H]C(C)(C)C
Cc1ccccc1-c1ccc(O)c(C(C)(C)C)c1,[2H][H],[2H]c1ccccc1C,[2H][H],[2H]C(C)(C)C
CCC(C)(C)c1ccc(O)c(C(C)(C)C)c1,[2H][H],[2H]C(C)(C)CC,[2H][H],[2H]C(C)(C)C
CCCc1ccc(O)c(OC)c1,[2H][H],[2H]CCC,[2H][H],[2H]OC
CC(C)(C)c1cc(-c2ccc3ccccc3c2)ccc1O,[2H][H],[2H]c1ccc2ccccc2c1,[2H][H],[2H]C(C)(C)C
Oc1ccccc1,[2H][H],[2H][H],[2H][H],[2H][H]
Cc1ccc(O)cc1,[2H][H],[2H]C,[2H][H],[2H][H]
C=C(C)c1ccc(O)cc1,[2H][H],[2H]C(=C)C,[2H][H],[2H][H]
CC(C)(C)c1ccc(O)cc1,[2H][H],[2H]C(C)(C)C,[2H][H],[2H][H]
CC(C)c1ccc(O)c(C(C)(C)C)c1,[2H][H],[2H]C(C)C,[2H][H],[2H]C(C)(C)C
Cc1cc(O)c(C(C)C)cc1C,[2H]C,[2H]C,[2H][H],[2H]C(C)C
Cc1cc(O)cc(C)c1Cl,[2H]C,[2H]Cl,[2H]C,[2H][H]
COc1cc(C(O)C(CO)Oc2ccccc2OC)ccc1O,[2H][H],[2H]C(O)C(CO)Oc1ccccc1OC,[2H][H],[2H]OC
CC(C)(C)c1ccccc1O,[2H][H],[2H][H],[2H][H],[2H]C(C)(C)C
Cc1cc(C)c(C)c(O)c1,[2H]C,[2H][H],[2H]C,[2H]C
Cc1cc(O)c(C(C)(C)C)cc1F,[2H]C,[2H]F,[2H][H],[2H]C(C)(C)C
CC(C)(C)c1cc(C(C)(C)c2ccccc2)ccc1O,[2H][H],[2H]C(C)(C)c1ccccc1,[2H][H],[2H]C(C)(C)C
Cc1cc(O)c(C(C)(C)C)cc1C,[2H]C,[2H]C,[2H][H],[2H]C(C)(C)C
COc1ccc(O)cc1OC,[2H][H],[2H]OC,[2H]OC,[2H][H]
Cc1cc(Cl)c(C)cc1O,[2H]C,[2H]Cl,[2H][H],[2H]C
CC(C)(C)c1cc(O)cc(C(C)(C)C)c1,[2H]C(C)(C)C,[2H][H],[2H]C(C)(C)C,[2H][H]
CC(=O)Nc1ccc(O)cc1,[2H][H],[2H]NC(C)=O,[2H][H],[2H][H]
COc1cccc(-c2ccc(O)c(C(C)(C)C)c2)c1,[2H][H],[2H]c1cccc(OC)c1,[2H][H],[2H]C(C)(C)C
CCc1c(C)cc(O)c(C(=O)OC)c1C,[2H]C,[2H]CC,[2H]C,[2H]C(=O)OC
COC(=O)c1c(O)cc(C)c(CCCl)c1C,[2H]C,[2H]CCCl,[2H]C,[2H]C(=O)OC
COc1ccc(-c2ccc(O)c(C(C)(C)C)c2)cc1,[2H][H],[2H]c1ccc(OC)cc1,[2H][H],[2H]C(C)(C)C
COC(=O)c1c(O)cc(C)c(C)c1C,[2H]C,[2H]C,[2H]C,[2H]C(=O)OC
Cc1cc(C(C)(C)C)ccc1O,[2H][H],[2H]C(C)(C)C,[2H][H],[2H]C
Cc1cc(O)c(C(C)(C)C)cc1C(C)(C)C,[2H]C,[2H]C(C)(C)C,[2H][H],[2H]C(C)(C)C
COc1ccccc1-c1ccc(O)c(C(C)(C)C)c1,[2H][H],[2H]c1ccccc1OC,[2H][H],[2H]C(C)(C)C
CC(C)(C)c1cc(C(c2ccccc2)(c2ccccc2)c2ccccc2)ccc1O,[2H][H],[2H]C(c1ccccc1)(c1ccccc1)c1ccccc1,[2H][H],[2H]C(C)(C)C
COc1cc(O)c(C(C)=O)c(OC)c1,[2H]OC,[2H][H],[2H]OC,[2H]C(C)=O
COc1ccc(O)c(C=O)c1,[2H][H],[2H]OC,[2H][H],[2H]C=O
CCOC(=O)c1ccc(O)cc1,[2H][H],[2H]C(=O)OCC,[2H][H],[2H][H]
COc1cc(C)cc(O)c1C,[2H]C,[2H][H],[2H]OC,[2H]C
COc1ccc(O)cc1F,[2H][H],[2H]OC,[2H]F,[2H][H]
COc1cc(CCc2cc(OC)c(OC)c(OC)c2)ccc1O,[2H][H],[2H]CCc1cc(OC)c(OC)c(OC)c1,[2H][H],[2H]OC
COc1c(O)cc(C)cc1C(C)(C)C,[2H]C,[2H][H],[2H]C(C)(C)C,[2H]OC
CCOC(=O)C(=Cc1ccc(O)c(OC)c1)C(=O)OCC,[2H][H],[2H]C=C(C(=O)OCC)C(=O)OCC,[2H][H],[2H]OC
Cc1cc(O)c(C(C)C)cc1C(C)(C)C,[2H]C,[2H]C(C)(C)C,[2H][H],[2H]C(C)C
COC(=O)c1cc(C)ccc1O,[2H][H],[2H]C,[2H][H],[2H]C(=O)OC
C=CCc1c(C)cc(OC)cc1O,[2H]OC,[2H][H],[2H]C,[2H]CC=C
COc1ccc(F)cc1-c1ccc(O)c(C(C)(C)C)c1,[2H][H],[2H]c1cc(F)ccc1OC,[2H][H],[2H]C(C)(C)C
Cc1ccc(C(C)C)c(O)c1,[2H]C,[2H][H],[2H][H],[2H]C(C)C
Cc1ccc(O)c(Br)c1,[2H][H],[2H]C,[2H][H],[2H]Br
CC(C)(C)c1cc(-c2cccc3ccccc23)ccc1O,[2H][H],[2H]c1cccc2ccccc12,[2H][H],[2H]C(C)(C)C
COC(=O)C(Cc1ccc(O)c(C(C)(C)C)c1)NC(C)=O,[2H][H],[2H]CC(NC(C)=O)C(=O)OC,[2H][H],[2H]C(C)(C)C
C=CCc1cccc(O)c1,[2H][H],[2H][H],[2H]CC=C,[2H][H]
Oc1ccccc1C(F)(F)F,[2H][H],[2H][H],[2H][H],[2H]C(F)(F)F
Cc1cc(C)cc(O)c1,[2H]C,[2H][H],[2H]C,[2H][H]
Cc1cc(O)cc(C)c1C,[2H]C,[2H]C,[2H]C,[2H][H]
Cc1cc(O)c(C(C)C)cc1C(C)C,[2H]C,[2H]C(C)C,[2H][H],[2H]C(C)C
CCOC(=O)c1c(O)cc(C)c(CCCl)c1C,[2H]C,[2H]CCCl,[2H]C,[2H]C(=O)OCC
CCc1c(OC)cc(O)cc1OC,[2H]OC,[2H]CC,[2H]OC,[2H][H]
COc1cc(O)cc(OC)c1C,[2H]OC,[2H]C,[2H]OC,[2H][H]
COc1cc(O)cc(OC)c1-c1ccccc1,[2H]OC,[2H]c1ccccc1,[2H]OC,[2H][H]
COCc1ccc(O)c(OC)c1,[2H][H],[2H]COC,[2H][H],[2H]OC
Oc1ccc(OCc2ccccc2)cc1,[2H][H],[2H]OCc1ccccc1,[2H][H],[2H][H]
Oc1ccc(-c2ccccc2)cc1,[2H][H],[2H]c1ccccc1,[2H][H],[2H][H]
Cc1cc(O)c(-c2ccc(C(F)(F)F)cc2)cc1C,[2H]C,[2H]C,[2H][H],[2H]c1ccc(C(F)(F)F)cc1
C=CCOc1ccc(O)c(C(C)(C)C)c1,[2H][H],[2H]OCC=C,[2H][H],[2H]C(C)(C)C
COc1cc(C=C(C#N)C(N)=O)ccc1O,[2H][H],[2H]C=C(C#N)C(N)=O,[2H][H],[2H]OC
COC(=O)C(C#N)=Cc1ccc(O)c(OC)c1,[2H][H],[2H]C=C(C#N)C(=O)OC,[2H][H],[2H]OC
CCc1cc(C)c(C)cc1O,[2H]C,[2H]C,[2H][H],[2H]CC
COC(=O)Cc1ccc(O)cc1,[2H][H],[2H]CC(=O)OC,[2H][H],[2H][H]
Cc1cc(O)c(-c2ccc(F)cc2)cc1C,[2H]C,[2H]C,[2H][H],[2H]c1ccc(F)cc1
CCc1ccc(O)c(C(C)(C)C)c1,[2H][H],[2H]CC,[2H][H],[2H]C(C)(C)C
COc1cc(CCC(C)=O)ccc1O,[2H][H],[2H]CCC(C)=O,[2H][H],[2H]OC
CC(=O)c1cc(C)ccc1O,[2H][H],[2H]C,[2H][H],[2H]C(C)=O
Cc1cc(O)c(C2CCCC2)cc1C,[2H]C,[2H]C,[2H][H],[2H]C1CCCC1
CC(C)(C)c1cc(-c2ccc(C#N)cc2)ccc1O,[2H][H],[2H]c1ccc(C#N)cc1,[2H][H],[2H]C(C)(C)C
Cc1cc(O)cc(C(C)(C)C)c1,[2H]C(C)(C)C,[2H][H],[2H]C,[2H][H]
Cc1cc(O)c(C(C)(C)C)cc1Br,[2H]C,[2H]Br,[2H][H],[2H]C(C)(C)C
CC(C)(C)c1ccc(O)c(-c2ccccc2)c1,[2H][H],[2H]C(C)(C)C,[2H][H],[2H]c1ccccc1
Cc1cc(O)c(-c2cccc(F)c2)cc1C,[2H]C,[2H]C,[2H][H],[2H]c1cccc(F)c1
COc1cc(O)cc(C)c1OC,[2H]C,[2H]OC,[2H]OC,[2H][H]
COCCOCCOCCOc1ccc(O)c(C(C)(C)C)c1,[2H][H],[2H]OCCOCCOCCOC,[2H][H],[2H]C(C)(C)C
COC(=O)C(Cc1ccc(O)cc1)NC(=O)OCc1ccccc1,[2H][H],[2H]CC(NC(=O)OCc1ccccc1)C(=O)OC,[2H][H],[2H][H]
Cc1cc(O)c(C(C)C)cc1C1CCCCC1,[2H]C,[2H]C1CCCCC1,[2H][H],[2H]C(C)C
COc1cc(C)cc(O)c1C(C)=O,[2H]C,[2H][H],[2H]OC,[2H]C(C)=O
CCC(C)(C)c1cc(C)ccc1O,[2H][H],[2H]C,[2H][H],[2H]C(C)(C)CC
Cc1cc(O)c(C2CCCCC2)cc1C,[2H]C,[2H]C,[2H][H],[2H]C1CCCCC1
Cc1cc(O)c(-c2ccccc2)cc1C,[2H]C,[2H]C,[2H][H],[2H]c1ccccc1
CCC(C)(C)c1cc(C(C)(C)C)c(O)cc1C,[2H]C,[2H]C(C)(C)CC,[2H][H],[2H]C(C)(C)C
COc1c(O)cc(C)cc1C1(C)CCCC1(C)C,[2H]C,[2H][H],[2H]C1(C)CCCC1(C)C,[2H]OC
Cc1cc(C(C)(C)C)c(C)cc1O,[2H]C,[2H]C(C)(C)C,[2H][H],[2H]C
COc1ccc(-c2cc(C(C)(C)C)ccc2O)cc1,[2H][H],[2H]C(C)(C)C,[2H][H],[2H]c1ccc(OC)cc1
Cc1cc(O)c(C23CC4CC(CC(C4)C2)C3)cc1C,[2H]C,[2H]C,[2H][H],[2H]C12CC3CC(CC(C3)C1)C2
COc1cc(C=C(C#N)c2ccccn2)ccc1O,[2H][H],[2H]C=C(C#N)c1ccccn1,[2H][H],[2H]OC
Cc1cc(O)c(C)c(C)c1C,[2H]C,[2H]C,[2H]C,[2H]C
CCC(C)c1cc(C)c(O)cc1C,[2H]C,[2H]C(C)CC,[2H][H],[2H]C
CC(C)(C)c1ccc(O)c(Br)c1,[2H][H],[2H]C(C)(C)C,[2H][H],[2H]Br
COC(=O)C(Cc1ccc(O)cc1)NC(C)=O,[2H][H],[2H]CC(NC(C)=O)C(=O)OC,[2H][H],[2H][H]
Cc1cc(O)c(C(C)C)c(C)c1C,[2H]C,[2H]C,[2H]C,[2H]C(C)C
COc1cc(O)c(C(C)(C)C)cc1C(C)(C)C,[2H]OC,[2H]C(C)(C)C,[2H][H],[2H]C(C)(C)C
CCCCCc1ccc(O)cc1,[2H][H],[2H]CCCCC,[2H][H],[2H][H]
COc1ccccc1O,[2H][H],[2H][H],[2H][H],[2H]OC
Cc1ccc(O)c(-c2ccc(C(F)(F)F)cc2)c1,[2H][H],[2H]C,[2H][H],[2H]c1ccc(C(F)(F)F)cc1
COc1cc(CC2CO2)ccc1O,[2H][H],[2H]CC1CO1,[2H][H],[2H]OC
CC(=O)c1cc(C)c(Br)cc1O,[2H]Br,[2H]C,[2H][H],[2H]C(C)=O
COc1cc(CCOC(C)=O)ccc1O,[2H][H],[2H]CCOC(C)=O,[2H][H],[2H]OC
COC(=O)c1c(O)cc(OC)c(OC)c1C,[2H]OC,[2H]OC,[2H]C,[2H]C(=O)OC
COc1cc(CC(NC(C)=O)C(=O)O)ccc1O,[2H][H],[2H]CC(NC(C)=O)C(=O)O,[2H][H],[2H]OC
Cc1ccc(O)cc1C,[2H][H],[2H]C,[2H]C,[2H][H]
CCc1ccc(-c2cc(C)ccc2O)cc1,[2H][H],[2H]C,[2H][H],[2H]c1ccc(CC)cc1
Cc1cc(C)c(O)cc1C,[2H]C,[2H]C,[2H][H],[2H]C
Cc1ccc(O)c(Cl)c1,[2H][H],[2H]C,[2H][H],[2H]Cl
COC(=O)c1ccc(O)c(C=O)c1,[2H][H],[2H]C(=O)OC,[2H][H],[2H]C=O
COCOc1cc(O)c(C(C)(C)C)cc1C(C)(C)C,[2H]OCOC,[2H]C(C)(C)C,[2H][H],[2H]C(C)(C)C
COc1cc(CC2COC(C)(C)O2)ccc1O,[2H][H],[2H]CC1COC(C)(C)O1,[2H][H],[2H]OC
CCC(=O)c1ccc(O)c(OC)c1,[2H][H],[2H]C(=O)CC,[2H][H],[2H]OC
COc1cc(CCO)ccc1O,[2H][H],[2H]CCO,[2H][H],[2H]OC
CCOc1cc(C=C(C#N)C#N)ccc1O,[2H][H],[2H]C=C(C#N)C#N,[2H][H],[2H]OCC
Cc1ccc(O)c(-c2ccccc2)c1,[2H][H],[2H]C,[2H][H],[2H]c1ccccc1
Cc1cccc(O)c1,[2H]C,[2H][H],[2H][H],[2H][H]
Cc1ccc(O)c(S(C)(=O)=O)c1,[2H][H],[2H]C,[2H][H],[2H]S(C)(=O)=O
CCc1cc(C(C)C)c(O)cc1C,[2H]C,[2H]CC,[2H][H],[2H]C(C)C
CC(C)(C)CC(C)(C)c1ccc(O)c(C(C)(C)CC(C)(C)C)c1,[2H][H],[2H]C(C)(C)CC(C)(C)C,[2H][H],[2H]C(C)(C)CC(C)(C)C
CCCCCCCCCCc1ccc(O)c(OC)c1,[2H][H],[2H]CCCCCCCCCC,[2H][H],[2H]OC
Oc1ccc(Oc2ccccc2)cc1,[2H][H],[2H]Oc1ccccc1,[2H][H],[2H][H]
CCOC(=O)c1cc(C)ccc1O,[2H][H],[2H]C,[2H][H],[2H]C(=O)OCC
CC(=O)NC(Cc1ccc(O)c(Br)c1)C(=O)O,[2H][H],[2H]CC(NC(C)=O)C(=O)O,[2H][H],[2H]Br
CC(C)(C)OC(=O)NC(Cc1ccc(O)cc1)C(=O)O,[2H][H],[2H]CC(NC(=O)OC(C)(C)C)C(=O)O,[2H][H],[2H][H]
COC(=O)c1c(C)cc(OC)cc1O,[2H]OC,[2H][H],[2H]C,[2H]C(=O)OC
CCCCCCCCC(=O)NCc1ccc(O)c(OC)c1,[2H][H],[2H]CNC(=O)CCCCCCCC,[2H][H],[2H]OC
COc1ccc(-c2cc(C)c(C)cc2O)cc1,[2H]C,[2H]C,[2H][H],[2H]c1ccc(OC)cc1
COC(=O)CCc1ccc(O)c(C(C)(C)C)c1,[2H][H],[2H]CCC(=O)OC,[2H][H],[2H]C(C)(C)C
CCC(C)c1cc(C)c(C)cc1O,[2H]C,[2H]C,[2H][H],[2H]C(C)CC
CC(=O)NC(Cc1ccc(O)c(OS(C)(=O)=O)c1)C(=O)O,[2H][H],[2H]CC(NC(C)=O)C(=O)O,[2H][H],[2H]OS(C)(=O)=O
CC(=O)CCc1ccc(O)cc1,[2H][H],[2H]CCC(C)=O,[2H][H],[2H][H]
COc1cc(CO)ccc1O,[2H][H],[2H]CO,[2H][H],[2H]OC
CC=Cc1cc(OC)c2c(c1)C(C)C(c1ccc(O)c(OC)c1)O2,[2H][H],[2H]C1Oc2c(OC)cc(C=CC)cc2C1C,[2H][H],[2H]OC
COc1ccc(-c2cc(C)ccc2O)cc1,[2H][H],[2H]C,[2H][H],[2H]c1ccc(OC)cc1
COc1ccc(O)c(C)c1,[2H][H],[2H]OC,[2H][H],[2H]C
CC(C)(C)c1ccc(O)c(C#N)c1,[2H][H],[2H]C(C)(C)C,[2H][H],[2H]C#N
COC(=O)c1c(O)cc(C)cc1OC,[2H]C,[2H][H],[2H]OC,[2H]C(=O)OC
COc1c(Br)cc(O)c(Br)c1Br,[2H]Br,[2H]OC,[2H]Br,[2H]Br
COc1cc(-c2nc3ccccc3s2)ccc1O,[2H][H],[2H]c1nc2ccccc2s1,[2H][H],[2H]OC
Cc1cc(C2CCCCC2)c(C)cc1O,[2H]C,[2H]C1CCCCC1,[2H][H],[2H]C
CC(C)(C)c1ccc(O)c(Cl)c1,[2H][H],[2H]C(C)(C)C,[2H][H],[2H]Cl
CC(=O)NC(Cc1ccc(O)c(Cl)c1)C(=O)O,[2H][H],[2H]CC(NC(C)=O)C(=O)O,[2H][H],[2H]Cl
Cc1cc(Cl)ccc1O,[2H][H],[2H]Cl,[2H][H],[2H]C
CCCCCC(O)CC(=O)CCc1ccc(O)c(OC)c1,[2H][H],[2H]CCC(=O)CC(O)CCCCC,[2H][H],[2H]OC
Oc1ccc(Cl)cc1,[2H][H],[2H]Cl,[2H][H],[2H][H]
COC(=O)C=Cc1cccc(O)c1,[2H][H],[2H][H],[2H]C=CC(=O)OC,[2H][H]
COc1cc(CCN)ccc1O,[2H][H],[2H]CCN,[2H][H],[2H]OC
CCOC(=O)C=Cc1ccc(O)c(OC)c1,[2H][H],[2H]C=CC(=O)OCC,[2H][H],[2H]OC
Cc1ccc(O)c(F)c1,[2H][H],[2H]C,[2H][H],[2H]F
O=C(NC(Cc1ccc(O)cc1)C(=O)O)OCc1ccccc1,[2H][H],[2H]CC(NC(=O)OCc1ccccc1)C(=O)O,[2H][H],[2H][H]
CC(=O)OCCc1ccc(O)cc1,[2H][H],[2H]CCOC(C)=O,[2H][H],[2H][H]
Cc1cc(O)c(C2(C)CCC3CC32C)cc1Br,[2H]C,[2H]Br,[2H][H],[2H]C1(C)CCC2CC21C
OCCc1ccc(O)cc1,[2H][H],[2H]CCO,[2H][H],[2H][H]
COc1cc(C(O)COc2ccccc2OC)ccc1O,[2H][H],[2H]C(O)COc1ccccc1OC,[2H][H],[2H]OC
COc1cc(C(C)(C)C)ccc1O,[2H][H],[2H]C(C)(C)C,[2H][H],[2H]OC
CC(C)(C)c1ccc(O)c(C=NO)c1,[2H][H],[2H]C(C)(C)C,[2H][H],[2H]C=NO
COc1cc(C(=O)O)ccc1O,[2H][H],[2H]C(=O)O,[2H][H],[2H]OC
COc1cc(Br)cc(O)c1C,[2H]Br,[2H][H],[2H]OC,[2H]C
CC(C)(C)c1ccc(O)c(C=O)c1,[2H][H],[2H]C(C)(C)C,[2H][H],[2H]C=O
COCOc1c(O)cc(C)cc1C1(C)CCCC1(C)C,[2H]C,[2H][H],[2H]C1(C)CCCC1(C)C,[2H]OCOC
CCc1ccc(O)c(OC)c1,[2H][H],[2H]CC,[2H][H],[2H]OC
CC(C)(C)c1cc(Br)ccc1O,[2H][H],[2H]Br,[2H][H],[2H]C(C)(C)C
CCC(C)C(NC(=O)C(CO)NC(=O)C(NC(=O)C(NC(=O)C(Cc1ccc(O)cc1)NC(=O)C(CCCCN)NC(=O)C(N)CCCCN)C(C)O)C(C)C)C(=O)O,[2H][H],[2H]CC(NC(=O)C(CCCCN)NC(=O)C(N)CCCCN)C(=O)NC(C(=O)NC(C(=O)NC(CO)C(=O)NC(C(=O)O)C(C)CC)C(C)C)C(C)O,[2H][H],[2H][H]
CC1NC(=O)C(Cc2ccc(O)cc2)NC(=O)C(C)NC(=O)C(C(C)C)NC(=O)C(C)NC(=O)C(C(C)C)NC1=O,[2H][H],[2H]CC1NC(=O)C(C)NC(=O)C(C(C)C)NC(=O)C(C)NC(=O)C(C(C)C)NC(=O)C(C)NC1=O,[2H][H],[2H][H]
COC(=O)C=Cc1ccc(O)c(OC)c1,[2H][H],[2H]C=CC(=O)OC,[2H][H],[2H]OC
COc1cc(C(C)C)ccc1O,[2H][H],[2H]C(C)C,[2H][H],[2H]OC
CCOc1cc(C=O)ccc1O,[2H][H],[2H]C=O,[2H][H],[2H]OCC
COC(=O)CCc1ccc(O)cc1,[2H][H],[2H]CCC(=O)OC,[2H][H],[2H][H]
NC(Cc1ccc(O)cc1)C(=O)O,[2H][H],[2H]CC(N)C(=O)O,[2H][H],[2H][H]
O=CNC(Cc1ccc(O)cc1)C(=O)O,[2H][H],[2H]CC(NC=O)C(=O)O,[2H][H],[2H][H]
Oc1ccc(Br)cc1Br,[2H][H],[2H]Br,[2H][H],[2H]Br
COc1cc(CC(C)C(C)Cc2ccc3c(c2)OCO3)ccc1O,[2H][H],[2H]CC(C)C(C)Cc1ccc2c(c1)OCO2,[2H][H],[2H]OC
NC(Cc1ccc(Oc2cc(CC(N)C(=O)O)ccc2O)cc1)C(=O)O,[2H][H],[2H]CC(N)C(=O)O,[2H][H],[2H]Oc1ccc(CC(N)C(=O)O)cc1
OCc1cc(O)c(OCc2ccccc2)c(OCc2ccccc2)c1,[2H]CO,[2H][H],[2H]OCc1ccccc1,[2H]OCc1ccccc1
OCC(O)Cc1ccc(O)cc1,[2H][H],[2H]CC(O)CO,[2H][H],[2H][H]
COc1cc(C=NNC(=O)c2cc(C)n[nH]2)ccc1O,[2H][H],[2H]C=NNC(=O)c1cc(C)n[nH]1,[2H][H],[2H]OC
CC=Cc1ccc(O)cc1,[2H][H],[2H]C=CC,[2H][H],[2H][H]
CCCCc1ccc(O)c(Br)c1,[2H][H],[2H]CCCC,[2H][H],[2H]Br
CCCCc1ccc(O)c(Cl)c1,[2H][H],[2H]CCCC,[2H][H],[2H]Cl
COc1ccc2c(c1)C(=Cc1ccc(O)c(OC)c1)C(=O)N2,[2H][H],[2H]C=C1C(=O)Nc2ccc(OC)cc21,[2H][H],[2H]OC
OCc1ccccc1O,[2H][H],[2H][H],[2H][H],[2H]CO
CCCc1ccc(O)c(Cl)c1,[2H][H],[2H]CCC,[2H][H],[2H]Cl
COc1cc(C=NNc2nncc3ccccc23)ccc1O,[2H][H],[2H]C=NNc1nncc2ccccc12,[2H][H],[2H]OC
CCCc1ccc(O)c(Br)c1,[2H][H],[2H]CCC,[2H][H],[2H]Br
Oc1ccc(Br)cc1,[2H][H],[2H]Br,[2H][H],[2H][H]
COc1cc(C=NNC(=O)c2ccncc2)ccc1O,[2H][H],[2H]C=NNC(=O)c1ccncc1,[2H][H],[2H]OC
COc1cc(C=NNc2nc3ccccc3s2)ccc1O,[2H][H],[2H]C=NNc1nc2ccccc2s1,[2H][H],[2H]OC
COc1cc(CCCOC(C)=O)ccc1O,[2H][H],[2H]CCCOC(C)=O,[2H][H],[2H]OC
C=CCc1ccccc1O,[2H][H],[2H][H],[2H][H],[2H]CC=C
COc1cc(CCCO)ccc1O,[2H][H],[2H]CCCO,[2H][H],[2H]OC
COc1cc(C=NNC(=O)OCc2ccccc2)ccc1O,[2H][H],[2H]C=NNC(=O)OCc1ccccc1,[2H][H],[2H]OC
CNC(=O)c1ccc(OC)c(O)c1,[2H]C(=O)NC,[2H][H],[2H][H],[2H]OC
Cc1ccc(O)c(CO)c1,[2H][H],[2H]C,[2H][H],[2H]CO
Oc1ccc(CC2CO2)cc1,[2H][H],[2H]CC1CO1,[2H][H],[2H][H]
C=CCc1ccc(O)c(C2C=C(C)CCC2C(C)C)c1,[2H][H],[2H]CC=C,[2H][H],[2H]C1C=C(C)CCC1C(C)C
C=CC(O)c1ccc(O)cc1,[2H][H],[2H]C(O)C=C,[2H][H],[2H][H]
O=C(O)c1ccc(O)cc1,[2H][H],[2H]C(=O)O,[2H][H],[2H][H]
CCCc1ccccc1O,[2H][H],[2H][H],[2H][H],[2H]CCC
C=CCc1ccc(O)c(CN(C)C)c1,[2H][H],[2H]CC=C,[2H][H],[2H]CN(C)C
C=CCc1ccc(O)c(CN(CCO)CCO)c1,[2H][H],[2H]CC=C,[2H][H],[2H]CN(CCO)CCO
C=CCc1ccc(O)c(CN(C)CCOCCO)c1,[2H][H],[2H]CC=C,[2H][H],[2H]CN(C)CCOCCO
C=CCc1ccc(O)c(CN(C)CC(=O)O)c1,[2H][H],[2H]CC=C,[2H][H],[2H]CN(C)CC(=O)O
C=CCc1ccc(O)c(CN(C)CC(OC)OC)c1,[2H][H],[2H]CC=C,[2H][H],[2H]CN(C)CC(OC)OC
CCCCCCc1ccc(O)cc1,[2H][H],[2H]CCCCCC,[2H][H],[2H][H]
COc1cc(C)c(Br)cc1O,[2H]Br,[2H]C,[2H][H],[2H]OC
C=CCc1cc(OC)c(O)cc1Br,[2H]Br,[2H]CC=C,[2H][H],[2H]OC
CC=CCc1ccc(O)cc1,[2H][H],[2H]CC=CC,[2H][H],[2H][H]
CCCOc1cc(CO)cc(O)c1OCCC,[2H]CO,[2H][H],[2H]OCCC,[2H]OCCC
Oc1ccc(CC=Cc2ccccc2)cc1,[2H][H],[2H]CC=Cc1ccccc1,[2H][H],[2H][H]
COc1cc(C)c(C(C)=O)c(O)c1,[2H]OC,[2H][H],[2H]C,[2H]C(C)=O
CC(C)OC(=O)c1ccc(O)cc1,[2H][H],[2H]C(=O)OC(C)C,[2H][H],[2H][H]
CCCOC(=O)c1ccc(O)cc1,[2H][H],[2H]C(=O)OCCC,[2H][H],[2H][H]
CCCCOC(=O)c1ccc(O)cc1,[2H][H],[2H]C(=O)OCCCC,[2H][H],[2H][H]
CC(C)COC(=O)c1ccc(O)cc1,[2H][H],[2H]C(=O)OCC(C)C,[2H][H],[2H][H]
O=C(OCc1ccccc1)c1ccc(O)cc1,[2H][H],[2H]C(=O)OCc1ccccc1,[2H][H],[2H][H]
COc1cc(O)c(CCC(=O)c2ccccc2)c(OC)c1OC,[2H]OC,[2H]OC,[2H]OC,[2H]CCC(=O)c1ccccc1
CC(=O)NC(Cc1ccc(O)cc1)C(=O)NCC(=O)NCC(N)=O,[2H][H],[2H]CC(NC(C)=O)C(=O)NCC(=O)NCC(N)=O,[2H][H],[2H][H]
CC(=O)NC(Cc1ccc(O)cc1)C(=O)NC(C)C(=O)NC(C)C(N)=O,[2H][H],[2H]CC(NC(C)=O)C(=O)NC(C)C(=O)NC(C)C(N)=O,[2H][H],[2H][H]
CC(O)C(O)c1cccc(O)c1,[2H][H],[2H][H],[2H]C(O)C(C)O,[2H][H]
O=CC=Cc1ccc(O)cc1,[2H][H],[2H]C=CC=O,[2H][H],[2H][H]
C=CCc1cc(O)ccc1OC,[2H][H],[2H]OC,[2H]CC=C,[2H][H]
CCCCCc1cc(C=O)ccc1O,[2H][H],[2H]C=O,[2H][H],[2H]CCCCC
Cc1cc(C=CC=O)ccc1O,[2H][H],[2H]C=CC=O,[2H][H],[2H]C
C=CCc1ccc(O)c(Cl)c1,[2H][H],[2H]CC=C,[2H][H],[2H]Cl
CCCCCCCc1cc(C=O)ccc1O,[2H][H],[2H]C=O,[2H][H],[2H]CCCCCCC
CC(C)CCc1cc(C=O)ccc1O,[2H][H],[2H]C=O,[2H][H],[2H]CCC(C)C
CCCc1cc(C=CC=O)ccc1O,[2H][H],[2H]C=CC=O,[2H][H],[2H]CCC
CCCc1cc(OC)c(O)cc1Br,[2H]Br,[2H]CCC,[2H][H],[2H]OC
COC(=N)Cc1ccc(O)cc1,[2H][H],[2H]CC(=N)OC,[2H][H],[2H][H]
COc1cc(CC(C)Br)ccc1O,[2H][H],[2H]CC(C)Br,[2H][H],[2H]OC
C=CCc1cc(C=CC=O)ccc1O,[2H][H],[2H]C=CC=O,[2H][H],[2H]CC=C
CCCCCc1cc(C=CC=O)ccc1O,[2H][H],[2H]C=CC=O,[2H][H],[2H]CCCCC
CC(C)=CCCC(C)c1ccc(C)cc1O,[2H]C,[2H][H],[2H][H],[2H]C(C)CCC=C(C)C
CC(C)CCc1cc(C=CC=O)ccc1O,[2H][H],[2H]C=CC=O,[2H][H],[2H]CCC(C)C
N#CC(Cc1ccc(O)cc1)NC=O,[2H][H],[2H]CC(C#N)NC=O,[2H][H],[2H][H]
O=C(Cc1ccc(O)cc1)OCc1ccccc1,[2H][H],[2H]CC(=O)OCc1ccccc1,[2H][H],[2H][H]
N=C(Cc1ccc(O)cc1)NCc1ccccc1,[2H][H],[2H]CC(=N)NCc1ccccc1,[2H][H],[2H][H]
CC(=O)NC(Cc1ccc(O)cc1)C(N)=O,[2H][H],[2H]CC(NC(C)=O)C(N)=O,[2H][H],[2H][H]
COc1cc(CNC(C)COc2c(C)cccc2C)ccc1O,[2H][H],[2H]CNC(C)COc1c(C)cccc1C,[2H][H],[2H]OC
COc1cc(CCC(CC(=O)CCc2ccccc2)OC)ccc1O,[2H][H],[2H]CCC(CC(=O)CCc1ccccc1)OC,[2H][H],[2H]OC
Oc1ccc(N=Nc2ccc3nn[nH]c3c2)cc1,[2H][H],[2H]N=Nc1ccc2nn[nH]c2c1,[2H][H],[2H][H]
